"ONTOLOGY","ID","Description","GeneRatio","BgRatio","RichFactor","FoldEnrichment","zScore","pvalue","p.adjust","qvalue","geneID","Count"
"MF","GO:0005178","integrin binding","14/300","157/18522",0.089171974522293,5.50547770700637,7.2742802225338,2.76999762859181e-07,0.000151518870283972,0.000139083038825083,"GPNMB/SYK/FGF1/TSPAN8/ITGA7/ICAM5/EDIL3/NRG1/COL16A1/CXCL12/TGFBI/SPP1/SVEP1/ADAM23",14
"MF","GO:0005201","extracellular matrix structural constituent","13/300","166/18522",0.0783132530120482,4.83506024096386,6.36842490102787,3.20911531707615e-06,0.000877693039220328,0.000805656845392277,"LUM/EDIL3/HMCN2/SRPX/COL16A1/ECM1/MATN3/COL1A1/TGFBI/EMILIN2/DCN/LAMB3/SRPX2",13
